"date","event","observed_cloud","color","quality","sky_condition","case_url"
"2022-06-24","日落","高积云,高层云","橘黄色,橘色,橘红色","大烧","幡状高积云,幡状高层云","https://weibo.com/1758238587/LzeL6bv5P"
"2022-06-28","日出","卷云","橘红色","中到大烧","-","https://weibo.com/5854101351/LzKqz9BF7"
"2022-06-28","日落","卷云","橘色","小到中烧","-","https://weibo.com/6129860996/LzQ58ovMo"
"2022-06-29","日落","云砧","橘黄色","小烧","-","-"
"2022-06-30","日出","卷层云,高积云","橘黄色,橘色,橘红色","大烧","-","https://video.weibo.com/show?fid=1034:4786020177346673
https://video.weibo.com/show?fid=1034:4786009968410713
https://weibo.com/6458753697/LA97dofol
https://weibo.com/1969543457/LAfzsfjvd"
"2022-07-01","日出","卷云,高积云","橘红色,橘色,橘黄色","大烧","密卷云,乳状卷云,幡状高积云","https://weibo.com/5854101351/LAdlCiCMg
https://weibo.com/2929915142/LAdjbl2gu
https://video.weibo.com/show?fid=1034:4786376546386014"
"2022-07-03","日出","卷云,卷层云","橘红色,橘色,橘黄色","大烧","密卷云","https://weibo.com/2929915142/LAx3p9tME
https://weibo.com/3925025805/LAvDJ3U2a"
"2022-07-04","日出","卷云","橘红色,橘色,橘黄色","大烧","密卷云","https://video.weibo.com/show?fid=1034:4787435297767497
https://video.weibo.com/show?fid=1034:4787407409840135
https://video.weibo.com/show?fid=1034:4787611110408284
https://weibo.com/7084142667/LAFMSmE7V
https://weibo.com/2530054742/LAII9p2f6"
"2022-07-06","日出","卷层云","橘红色,橘色","大烧","-","https://video.weibo.com/show?fid=1034:4788119598465037"
"2022-07-06","日落","卷层云","橘色","中到大烧","-","https://video.weibo.com/show?fid=1034:4788314419691606"
"2022-07-08","日落","卷层云,高积云,浓积云","橘黄色,橘色,橘红色","大烧","-","https://weibo.com/1760816882/LBmm54KPf
https://weibo.com/1842458205/LBmzMEbhu
https://weibo.com/6300825714/LBmKvwMp1
https://weibo.com/1763313631/LBmm125Ok"
"2022-07-09","日出","高积云","橘黄色","小烧","-","-"
"2022-07-12","日落","卷层云","红色,橘红色","中到大烧","-","https://weibo.com/3925025805/LBY5swaKm"
"2022-07-13","日落","卷层云","红色,橘红色","中到大烧","-","https://video.weibo.com/show?fid=1034:4790487513759840
https://weibo.com/1235871830/LC7WQepSK
https://weibo.com/5854101351/LC7AyclYN"
"2022-07-14","日落","卷云","橘色","小烧","-","-"
"2022-07-20","日落","卷层云","红色","小到中烧","-","https://wx4.sinaimg.cn/mw2000/d809b2edly1h4dn3575vuj20u0140q8v.jpg"
"2022-07-21","日落","卷层云","橘黄色,橘色","小烧","乳状卷层云","-"
"2022-07-23","日出","卷层云","红色,橘红色,橘色","大烧","-","https://weibo.com/2370199830/LDyeQdzLl
https://weibo.com/1770475104/LDyMKkfgg"
"2022-07-26","日落","卷云,高积云","橘黄色,橘色","小到中烧","密卷云","https://weibo.com/1760816882/LE5ZtlDrH"
"2022-07-30","日落","卷云,高积云","橘色,橘红色","小到中烧","-","https://weibo.com/7612166895/LEHXQCpN4"
"2022-08-07","日落","卷云","橘黄色,橘色","中到大烧","-","https://weibo.com/6129860996/LFVrbu6TZ"
"2022-08-09","日落","卷层云","橘色,橘红色,红色","大烧","-","https://video.weibo.com/show?fid=1034:4800650882777277
https://video.weibo.com/show?fid=1034:4800641344929869
https://weibo.com/1212156690/M0he9hjWi
https://weibo.com/6508783082/M0gYCj0xc
https://weibo.com/5854101351/M0gCz3vgY"
"2022-08-10","日出","卷云","橘红色,橘黄色","小到中烧","-","https://weibo.com/1729484474/M0leolEfi
https://weibo.com/5854101351/M0lizdSCi
https://weibo.com/1770475104/M0m6np34S"
"2022-08-10","日落","卷层云,高积云","橘黄色,橘色,橘红色","中到大烧","乳状云,彩虹,降水线云砧","https://weibo.com/6061337735/M0pUkjuKC
https://weibo.com/1212156690/M0qxShZ4h
https://weibo.com/6124268245/M0qQG3fk7
https://weibo.com/6129860996/M0pZaumOw"
"2022-08-11","日落","卷云,高积云","红色,橘红色,橘色","中到大烧","-","https://weibo.com/1212156690/M0zSYjaTq
https://weibo.com/6129860996/M0AAlk1VJ
https://weibo.com/1130033300/M0z9F3BBg"
"2022-08-12","日落","卷层云,高积云","橘黄色,橘色,橘红色,红色","大烧","彩虹,降水线云砧","https://video.weibo.com/show?fid=1034:4801724591046671
https://video.weibo.com/show?fid=1034:4801735546568794
https://weibo.com/1276291023/M0IT5ipxt
https://weibo.com/1415104792/M0JYEcaOQ
https://weibo.com/6129860996/M0JbTkbJr
https://weibo.com/1766975197/M0IQXzlma"
"2022-08-13","日落","卷云","红色,橘红色,橘色","大烧","密卷云","https://weibo.com/1678551475/M0TESeYki
https://weibo.com/6129860996/M0StnrVwU
https://weibo.com/1842458205/M0Tl6tuW8
https://weibo.com/1760816882/M0SfawRrh
https://video.weibo.com/show?fid=1034:4802097355620483"
"2022-08-14","日出","卷云","橘红色,橘色","中到大烧","密卷云","https://weibo.com/2006317425/M17j9zjqV"
"2022-08-14","日落","卷云,卷层云","橘色","小烧","密卷云","https://weibo.com/1600543073/M11sBslJv"
"2022-08-15","日出","卷云","橘红色,橘色","中到大烧","-","https://weibo.com/6028838843/M15AKq3qz
https://weibo.com/5538010841/M15RvCtuA"
"2022-08-15","日落","卷层云,高积云","橘黄色,橘色","中到大烧","日柱","https://weibo.com/1839008834/M1bwToeUi
https://weibo.com/1794074520/M1bpmaDp9
https://weibo.com/1770475104/M1bPOdTWQ"
"2022-08-16","日出","卷层云","红色","小到中烧","-","https://weibo.com/1770475104/M1f9Htbhm"
"2022-08-20","日落","云砧","橘色,橘红色","大烧","闪电,彩虹,乳状云,降水线云砧","https://weibo.com/6392679950/M1WlheXhM
https://weibo.com/6129860996/M1WpQAkOJ
https://weibo.com/1842458205/M1WuimtTI
https://weibo.com/1770475104/M1WZe1Ien
https://weibo.com/1668067237/M1WNQ5Qup
https://weibo.com/1737753555/M1Xjxau2I
https://weibo.com/5130206734/M1XqgEWHl
https://weibo.com/1836309624/M1XLB33CP
https://weibo.com/5538010841/M1W9ub3Rr
https://video.weibo.com/show?fid=1034:4804627212992561
https://video.weibo.com/show?fid=1034:4804623748497545
https://video.weibo.com/show?fid=1034:4804621278052460"
"2022-08-23","日出","卷云","橘色,橘黄色","小到中烧","-","https://weibo.com/1770475104/M2jEAnGaj"
"2022-08-23","日落","积雨云,云砧","橘黄色,橘色","中到大烧","闪电,彩虹,乳状云,降水线云砧","https://weibo.com/1212156690/M2oLSrOg3
https://weibo.com/1195592605/M2pC45b3U
https://weibo.com/1839008834/M2oV9xRjJ
https://weibo.com/1770475104/M2oU6wgxW
https://weibo.com/5854101351/M2oOP72Wf
https://weibo.com/1706480412/M2oDkooSm
https://weibo.com/7612166895/M2ouG2ant
https://weibo.com/6129860996/M2osU5EmW
https://weibo.com/2742782667/M2oiOgEd9
https://weibo.com/5538010841/M2or4jGip
https://video.weibo.com/show?fid=1034:4805742994325513"
"2022-08-28","日出","层积云","橘红色","小烧","-","https://weibo.com/1075503085/M34dC9Ua6"
"2022-08-28","日落","卷云","橘黄色,橘色,橘红色","小到中烧","密卷云","https://video.weibo.com/show?fid=1034:4807541159559287"
"2022-08-29","日落","卷云","橘黄色,橘色","小到中烧","密卷云","https://weibo.com/7748478041/M3iSNqKM6"
"2022-08-30","日出","卷云","橘色","小到中烧","-","-"
"2022-09-01","日出","高积云","橘红色,橘色","中到大烧","-","https://weibo.com/1999860661/M3MgZswjf
https://weibo.com/1786597197/M3MdNfrNA"
"2022-09-05","日落","层积云","橘黄色","微烧","彩虹,降水线层积云","-"
"2022-09-08","日落","高积云","橘红色","小到中烧","-","-"
"2022-09-09","日出","卷云","橘红色,橘色","大烧","密卷云,乳状卷云","https://weibo.com/5662803579/M4TKUDqSB
https://weibo.com/2013573581/M4Tzif2wh
https://weibo.com/7612166895/M4VnJuVMU
https://video.weibo.com/show?fid=1034:4811722205364292"
"2022-09-09","日落","卷云","橘黄色,橘色,橘红色","中到大烧","密卷云","https://weibo.com/1737753555/M50nyd8uv
https://weibo.com/5831425432/M507ayotA
https://weibo.com/5130206734/M4ZY1yKe1
https://weibo.com/5662803579/M4YAnx1uR
https://video.weibo.com/show?fid=1034:4811905286733939
https://video.weibo.com/show?fid=1034:4811889650368564"
"2022-09-10","日出","卷云,高积云","橘红色","小到中烧","-","https://weibo.com/1075503085/M53prEwY2"
"2022-09-10","日落","高积云","橘色,橘红色","小到中烧","-","https://weibo.com/5677499658/M57NZ98KH"
"2022-09-11","日出","高积云","红色","小到中烧","-","https://weibo.com/1919854452/M5fiqbeSt"
"2022-09-11","日落","高积云,卷云","橘红色,橘色","中到大烧","密卷云","https://weibo.com/1883437194/M5hLmdUS9"
"2022-09-20","日落","高积云","橘黄色,橘色","小到中烧","-","-"
"2022-09-21","日出","卷云,高积云","橘红色,橘色","大烧","密卷云","https://video.weibo.com/show?fid=1034:4816030305026057
https://weibo.com/6129860996/M6IJh7zAR
https://weibo.com/1770475104/M6K1ccNAp"
"2022-09-21","日落","高积云","橘黄色,橘色","中到大烧","幡状高积云","https://video.weibo.com/show?fid=1034:4816257808269424
https://weibo.com/6129860996/M6NxL8PrP
https://weibo.com/1760816882/M6Npq7IAz"
"2022-09-23","日出","高积云","橘色","小到中烧","-","https://weibo.com/1211871433/M78vUcSo7"
"2022-09-24","日出","高积云","橘红色,橘色","中到大烧","-","https://weibo.com/5854101351/M7bf9t9Kl
https://weibo.com/5014191901/M7dcqdF7l
https://video.weibo.com/show?fid=1034:4817110778707993"
"2022-09-24","日落","高积云","橘红色","微烧","-","https://weibo.com/1075503085/M7fQmxFr6"
"2022-09-25","日出","高积云,卷云","橘红色,橘色","中到大烧","幡状高积云,乳状密卷云,日柱","https://weibo.com/1999860661/M7lL6q6Iu
https://weibo.com/6124268245/M7m1b3w4s
https://weibo.com/5886391540/M7pBzB7xH
https://weibo.com/1919701103/M7o3B1lMx
https://weibo.com/2816822382/M7odTBUxI
https://weibo.com/5680918828/M7mA7Eyck
https://weibo.com/1864934092/M7kXECSps
https://weibo.com/5662803579/M7keJC7XT
https://weibo.com/2128067333/M7lvCDp5p
https://video.weibo.com/show?fid=1034:4817512509145118
https://video.weibo.com/show?fid=1034:4817474819129405
https://video.weibo.com/show?fid=1034:4817478589808675"
"2022-09-29","日落","高积云,卷云","橘红色","小到中烧","密卷云","https://video.weibo.com/show?fid=1034:4819124833157209"
"2022-10-04","日出","卷云","橘色","小到中烧","-","https://weibo.com/2411313251/M8IEzyxE6"
"2022-10-11","日出","高积云","橘红色,橘色","大烧","幡状高积云","https://weibo.com/6028838843/M9LdnEgRq
https://weibo.com/1770475104/M9LCvuoiU
https://weibo.com/2411313251/M9LEJahUQ
https://weibo.com/1376016462/M9MLl7Qzi"
"2022-10-20","日落","高积云,卷云","橘黄色,橘色,橘红色","中到大烧","幡状高积云","https://weibo.com/2679043374/MbdA7aI1P
https://weibo.com/2712880581/Mbd2wuEAh
https://weibo.com/6129860996/MbcQTvIsh
https://weibo.com/5130206734/MbeEpbJwt
https://weibo.com/1802701570/Mbo5jp9Os"
"2022-10-21","日出","高积云","橘红色,橘色,橘黄色","中到大烧","-","https://weibo.com/1842458205/Mbi6h6nYs
https://weibo.com/2411313251/MbiiYw3mI
https://weibo.com/6094998718/MbhK2xwDF
https://weibo.com/1704661223/Mbhvgx7kI
https://video.weibo.com/show?fid=1034:4826904147197989"
"2022-10-21","日落","高积云","橘色,橘红色","小到中烧","幡状高积云","https://video.weibo.com/show?fid=1034:4827097680773157"
"2022-10-29","日出","高积云","橘红色","小到中烧","-","https://weibo.com/1808370032/Mcy9n4WdQ"
"2022-11-06","日出","卷层云","橘红色","大烧","-","https://video.weibo.com/show?fid=1034:4832701111533579
https://video.weibo.com/show?fid=1034:4832694790717453
https://video.weibo.com/show?fid=1034:4832697080807438
https://video.weibo.com/show?fid=1034:4832702747312169
https://weibo.com/7729087298/MdIIG1Ama
https://weibo.com/1864934092/MdJgSsrQa"
"2022-11-27","日出","卷云","橘红色","小到中烧","-","https://video.weibo.com/show?fid=1034:4840341921267714"
"2022-11-27","日落","高积云","橘黄色,橘色,橘红色","大烧","-","https://weibo.com/3994060502/Mh0CIu97L"
"2023-01-01","日出","高积云","橘红色,橘色","小到中烧","幡状高积云","https://weibo.com/2816822382/MmfeAoyQG
https://weibo.com/1947735540/MmgQdnBLI"
"2023-03-13","日出","卷层云","橘红色","小到中烧","-","https://weibo.com/2297900430/MxcUczyly
https://weibo.com/5878164542/Mx1Tljten"
"2023-03-15","日出","卷云","橘色","小烧","-","https://weibo.com/6129860996/MxkSiwXcX
https://weibo.com/1842458205/Mxmggkt9h"
"2023-04-03","日出","卷云","橘色","小烧","平流雾","-"
"2023-04-19","日落","卷层云","橘黄色,橘色,橘红色","小到中烧","-","https://weibo.com/2670306073/MCJrSuWts
https://weibo.com/5482442738/MCJIRmpLx"
"2023-04-29","日落","高层云","橘黄色,橘色,橘红色","大烧","降水线高层云,红虹","https://weibo.com/1969056195/MEgCkt3QZ
https://weibo.com/6881766474/MEm6FzmEm
https://weibo.com/1883437194/MEgdggkpN
https://weibo.com/5619878584/MEfSqjtEU"
"2023-05-02","日出","卷云","橘色","小烧","-","https://weibo.com/7612166895/MEEwFAbo6
https://weibo.com/5538010841/MECWwk2Sh"
"2023-05-05","日落","高积云","橘黄色","小烧","-","https://weibo.com/7382332605/MFabO1fOK"
"2023-05-08","日落","高积云","橘色","小烧","-","https://weibo.com/2966200962/MFCxrzgTS"
"2023-05-10","日出","卷云,高积云","橘黄色,橘红色","小到中烧","-","https://weibo.com/1842458205/MFSAbwDU8
https://weibo.com/2691321992/MFQLCBQ1a"
"2023-05-13","日落","卷层云","橘红色","微烧","-","https://weibo.com/5098986564/N0qlephYO
https://weibo.com/5538010841/N0quWzLn7"
"2023-05-14","日出","卷云","橘色","小到中烧","-","https://weibo.com/5662803579/N0uaYEgEa
https://weibo.com/6716642729/N0Ah2xCTX"
"2023-05-14","日落","卷云","橘色","小烧","密卷云","https://weibo.com/1905546174/N0zGC75Dm
https://weibo.com/5619878584/N0A3JivOl"
"2023-05-16","日出","卷层云","橘色","小到中烧","-","https://weibo.com/3708136830/N0Trfotxi"
"2023-05-21","日出","高积云,卷云","橘色","基本不烧","平流雾","https://weibo.com/5254740985/N1zscx9aY"
"2023-05-25","日落","卷层云","橘色","小到中烧","-","https://weibo.com/6716642729/N2hM1w3yb"
"2023-05-26","日出","卷云","橘色,橘黄色","小到中烧","密卷云","https://weibo.com/6115722047/N2oGdrQuX"
"2023-05-27","日落","高积云,卷云","橘黄色,橘色,橘红色","中到大烧","-","https://weibo.com/2537689334/N2zO05cmw
https://weibo.com/3169171125/N2zEW3FDU
https://weibo.com/1842458205/N2yAxfRTM"
"2023-05-29","日出","高积云,卷云","橘黄色","小到中烧","-","https://weibo.com/2370199830/N2LLjrbn0"
"2023-05-29","日落","云砧","橘色","小到中烧","彩虹,降水线云砧","https://weibo.com/6716642729/N2S4WAnur
https://weibo.com/1842458205/N2RyGqqTj"
"2023-06-03","日落","卷层云","橘红色","小到中烧","-","https://weibo.com/3169171125/N3DJwplJK"
"2023-06-09","日出","卷云","橘红色,橘色","中到大烧","-","https://weibo.com/5538010841/N4rhsFnuZ"
"2023-06-09","日落","卷云","橘黄色,橘色,橘红色","小到中烧","-","https://weibo.com/5538010841/N4x498V8i"
"2023-06-15","日落","卷云","橘色","小烧","-","https://weibo.com/5254740985/N5sWcdZwl"
"2023-06-16","日出","卷层云","红色,橘红色,橘色","大烧","-","https://weibo.com/1740686651/N5xSSiSQV
https://weibo.com/5254740985/N5KYnqZ72
https://weibo.com/1632542437/N5HnihWhr
https://weibo.com/1026214237/N5xFXebCZ
https://weibo.com/5157956008/N5wgFk8XL
https://weibo.com/1872357181/N5w1a66q1
https://weibo.com/7738187599/N5vGf8Zbz"
"2023-06-16","日落","高层云","橘黄色,橘色","小烧","彩虹,降水线高层云","https://weibo.com/5538010841/N5B3ipFU0
https://weibo.com/1632542437/N5HnihWhr"
"2023-06-20","日落","卷云","橘色","微烧","-","https://weibo.com/5619878584/N6cOUlQbM"
"2023-06-21","日出","卷层云","橘红色,橘色","小到中烧","-","https://weibo.com/6441777827/N6gHG6pYH"
"2023-06-22","日出","高积云","橘色","小到中烧","-","https://weibo.com/2231380923/N6pUbiZqx
https://weibo.com/7377374815/N6q0naOhJ"
"2023-06-22","日落","高层云","红色","小到中烧","-","https://weibo.com/7377374815/N6vV4nybJ"
"2023-06-23","日出","卷层云","橘色","中到大烧","-","https://video.weibo.com/show?fid=1034:4915729384800278"
"2023-06-23","日落","高层云,高积云","红色,橘红色","中到大烧","红虹,降水线高层云","https://weibo.com/6441777827/N6FKJ4o4w
https://weibo.com/5254740985/N6G4thJ1K
https://weibo.com/1792625951/N6F2r7egA
https://weibo.com/7775955469/N6EYDxi2U"
"2023-06-25","日落","高积云","橘红色","小烧","-","https://weibo.com/1836309624/N6Z6y22My
https://weibo.com/2241380590/N6XUvyLmi
https://weibo.com/1632542437/N6YA11r4F"
"2023-06-26","日落","高积云,卷云","橘黄色,橘色","中到大烧","密卷云","https://video.weibo.com/show?fid=1034:4917019422687270
https://weibo.com/1883437194/N78Q6hJEC
https://weibo.com/1872357181/N78v3Bj3k
https://weibo.com/5662803579/N78nLi0ER
https://weibo.com/2241380590/N77O4C4x3"
"2023-06-27","日落","卷云","橘黄色,橘色","小到中烧","密卷云","https://weibo.com/5225486648/N7i4Ehu80
https://weibo.com/1211871433/N7hE9F5Um
https://weibo.com/1760816882/N7gFu4xAZ"
"2023-07-01","日出","层积云","橘色,橘黄色","中到大烧","降水线层积云,彩虹","https://weibo.com/1376016462/N7MTxqJ07"
"2023-07-04","日出","卷层云,高积云","橘色","小烧","-","https://weibo.com/6441777827/N8glqztWU"
"2023-07-04","日落","卷云","橘黄色","小到中烧","-","https://weibo.com/1427936975/N8luW6jgH"
"2023-07-05","日落","卷云","橘黄色,橘色,橘红色","中到大烧","密卷云","https://weibo.com/1632542437/N8umNzxJn
https://weibo.com/1836309624/N8vCWclsq
https://weibo.com/6441777827/N8vypqYUU
https://weibo.com/2816822382/N8vubn7GF
https://weibo.com/1041461672/N8uqVurJJ
https://weibo.com/1427936975/N8ubZnX25"
"2023-07-06","日出","高积云","橘红色,橘色,橘黄色","中到大烧","-","https://weibo.com/6441777827/N8ERbjxSN
https://video.weibo.com/show?fid=1034:4920372701888522"
"2023-07-06","日落","卷云","橘色","小到中烧","-","https://weibo.com/6716642729/N8EtvyGiQ
https://weibo.com/6394378596/N8EhrD0d4"
"2023-07-08","日落","高积云,高层云","橘色","微烧","彩虹,降水线高层云","https://weibo.com/5538010841/N8Ws4sUtT"
"2023-07-09","日落","高积云,卷层云","橘黄色,橘色","大烧","絮状高积云,幡状高积云,彩虹,乳状卷层云","https://weibo.com/3829399980/N96GLskYd
https://weibo.com/7781979403/N96OH9ivK
https://weibo.com/3415843222/N97isacfG
https://weibo.com/1211871433/N97i0nwT2
https://weibo.com/1196209710/N973yw05q"
"2023-07-10","日出","高积云,卷云","橘色","小到中烧","-","https://weibo.com/1376016462/N9a5VxDkO"
"2023-07-10","日落","高积云","橘红色","中到大烧","-","https://video.weibo.com/show?fid=1034:4922055900987471
https://weibo.com/5341319494/N9gr5uN1b
https://weibo.com/6297059809/N9gMy5Uaj
https://weibo.com/5662803579/N9fTwDpUJ"
"2023-07-14","日落","云砧","橘黄色,橘色","小到中烧","降水线云,彩虹","https://weibo.com/1587753852/N9RhowF5t"
"2023-07-16","日出","高积云,卷云","橘色,橘黄色","中到大烧","-","https://video.weibo.com/show?fid=1034:4924186506756104"
"2023-07-18","日落","积雨云,高积云,卷云","橘色,橘红色","中到大烧","闪电","https://weibo.com/1945044080/Nat6nE82l
https://weibo.com/6441777827/NateNe2Hf
https://weibo.com/6039190460/Nat0Jc0y8
https://weibo.com/2370199830/NasGriufI
https://weibo.com/7781979403/Natvsy1uk"
"2023-07-19","日出","高积云","橘红色","小烧","幡状高积云","https://weibo.com/1770475104/Nay0y1TQa"
"2023-07-22","日落","高积云,卷云","橘色,橘红色","中到大烧","幡状高积云","https://weibo.com/1632542437/Nb4Flpx33
https://weibo.com/1587753852/Nb4IiBKFX
https://weibo.com/7781979403/Nb4BZ8yi5
https://weibo.com/6250857015/Nb4ubFHQf"
"2023-07-23","日落","高积云","橘色,橘红色","大烧","-","https://video.weibo.com/show?fid=1034:4926787575283723
https://video.weibo.com/show?fid=1034:4926759640956979
https://video.weibo.com/show?fid=1034:4926757091082296
https://video.weibo.com/show?fid=1034:4926752255049786
https://weibo.com/2559480524/Nbf8h10GX"
"2023-07-26","日出","高积云","橘色","中到大烧","-","https://video.weibo.com/show?fid=1034:4927856086810645
https://video.weibo.com/show?fid=1034:4927706807337012"
"2023-07-27","日出","高积云,卷云","橘色,橘黄色","中到大烧","复高积云","https://weibo.com/5157956008/NbK98rNcZ
https://video.weibo.com/show?fid=1034:4928260556128295
https://video.weibo.com/show?fid=1034:4928165634572320"
"2023-07-27","日落","高层云","橘黄色,橘色,橘红色","中到大烧","降水线高层云,红虹","https://weibo.com/3169171125/NbXWHrC4v
https://weibo.com/1548850861/NchLtes6p
https://video.weibo.com/show?fid=1034:4928223134285828
https://weibo.com/5885108869/NbQm6gSnS
https://weibo.com/2691417500/NbQ8Vu8II
https://weibo.com/1079610644/NbQ9yg9wX
https://weibo.com/1212156690/NbPOWh4Jg
https://weibo.com/1415104792/NbPK09lua
https://weibo.com/1839008834/NbPAzBV6I"
"2023-07-30","日出","高积云,层积云,卷层云","橘色,橘红色","中到大烧","幡状高积云,堡状层积云","-"
"2023-07-30","日落","高积云","橘黄色,橘色","中到大烧","-","https://video.weibo.com/show?fid=1034:4929319722483724
https://weibo.com/5662803579/NcinuB67H
https://weibo.com/1079610644/NchYbAFaU
https://weibo.com/5157956008/NchVj3PTG
https://weibo.com/1839008834/Ncia2afKY
https://weibo.com/2691417500/NbQ8Vu8II"
"2023-07-31","日落","高积云,卷云","橘黄色,橘色","中到大烧","密卷云,乳状卷云,波状高积云,絮状高积云","https://weibo.com/7849834035/Ncrp47kAU
https://video.weibo.com/show?fid=1034:4929677404340226
https://video.weibo.com/show?fid=1034:4929664087687248
https://video.weibo.com/show?fid=1034:4929658077249643
https://video.weibo.com/show?fid=1034:4929652116881436"
"2023-08-01","日出","浓积云,卷层云,高积云","橘红色,橘色,橘黄色","中到大烧","红虹,幡状高积云","https://video.weibo.com/show?fid=1034:4930026764697666
https://weibo.com/5577709294/NcwOJBp7J"
"2023-08-02","日落","卷云,卷层云","橘黄色,橘色,橘红色","小到中烧","-","https://video.weibo.com/show?fid=1034:4930430689017973
https://weibo.com/tv/show/1034:4930413043318852"
"2023-08-03","日落","卷云","橘黄色,橘色,橘红色","微烧","-","-"
"2023-08-04","日落","卷云","橘黄色,橘色,橘红色","小到中烧","-","https://weibo.com/5577709294/Nd2X9t8AC"
"2023-08-06","日落","高积云","橘色,橘红色","小烧","-","-"
"2023-08-07","日出","高积云","橘红色","小烧","-","-"
"2023-08-09","日落","积雨云","橘色,橘红色","小到中烧","-","https://weibo.com/1839008834/NdOyTpEGv
https://weibo.com/1415104792/NdO1YbixY"
"2023-08-11","日落","卷云","橘色","微烧","-","-"
"2023-08-13","日落","云砧","橘色","小烧","-","-"
"2023-08-14","日出","高积云","橘色","中到大烧","-","https://weibo.com/5667663715/Nezt6lNEa
https://weibo.com/6115722047/NezLzFiwr"
"2023-08-14","日落","浓积云,积雨云","橘黄色,橘色","小到中烧","-","https://weibo.com/7781979403/NeziOoRpn
https://weibo.com/1806916195/NeziieDlH
https://weibo.com/1808370032/NezsF8ziT"
"2023-08-15","日出","高积云","橘红色,橘色","中到大烧","复高积云","-"
"2023-08-15","日落","高积云","橘黄色,橘色","中到大烧","幡状高积云,复高积云,日柱","https://video.weibo.com/show?fid=1034:4935099095908456
https://video.weibo.com/show?fid=1034:4935115483054179
https://weibo.com/1212156690/NeK0iaHW1
https://weibo.com/7775955469/NeIK9wNXd
https://weibo.com/1883417577/NeICc4Gd2"
"2023-08-17","日落","云砧","橘黄色,橘色","中到大烧","彩虹,降水线云","https://weibo.com/6410051017/Nf25gcerr
https://weibo.com/2816822382/Nf1CZB9ow
https://weibo.com/7084142667/Nf1he7JEu
https://weibo.com/tv/show/1034:4935797913092164
https://video.weibo.com/show?fid=1034:4935876749492281
https://www.720yun.com/vr/f82jOgmvrv6"
"2023-08-18","日落","积雨云","橘色","中到大烧","-","https://weibo.com/1427936975/NfbNoBM7s"
"2023-08-21","日出","高积云,卷云","橘红色,橘色","中到大烧","-","-"
"2023-08-23","日落","高积云,卷云","橘黄色,橘色,橘红色","中到大烧","-","https://weibo.com/2241380590/NfVMNE7tc"
"2023-08-26","日出","卷云,卷层云","橘红色,橘色","中到大烧","-","-"
"2023-08-27","日出","卷云,浓积云","橘色","小到中烧","密卷云,云砧转化卷云","https://weibo.com/3829399980/NgIukmDuV
https://video.weibo.com/show?fid=1034:4946336533905432"
"2023-08-28","日出","卷层云,高积云","橘红色,橘色","大烧","-","https://weibo.com/1494729930/NgBIupB9f"
"2023-08-31","日出","高积云","橘红色,橘黄色","中到大烧","-","-"
"2023-08-31","日落","高积云","橘黄色,橘色,橘红色","大烧","幡状高积云","https://video.weibo.com/show?fid=1034:4940889882034227
https://video.weibo.com/show?fid=1034:4940915559563389
https://video.weibo.com/show?fid=1034:4940872161099910
https://weibo.com/6560506561/NhaZnwFRP
https://weibo.com/6509276856/NhaUImbUO
https://weibo.com/2034201625/NhaVqEnrf
https://weibo.com/5602428060/NhaN4A7A9
https://weibo.com/1883437194/NhaIB7dIb
https://weibo.com/1212156690/NhaFYD3dV
https://weibo.com/1426186827/NhaB0nWXm
https://weibo.com/2775755475/Nhar40l4v
https://weibo.com/5389383367/Nhan3vOgn
https://weibo.com/1783578705/NhajVoFzE
https://weibo.com/6970424013/Nhaf6pHQe
https://weibo.com/6359256223/Nhacw9LAm
https://weibo.com/7612166895/NhjBEtXEr"
"2023-09-01","日落","卷云,高积云","橘黄色,橘色,橘红色","中到大烧","-","https://weibo.com/2642303692/Nhkl0sxM7
https://weibo.com/1780075421/Nhkaj0roA
https://weibo.com/1632542437/Nhk6GpNDZ
https://weibo.com/1770475104/Nhk3pqImw
https://weibo.com/7738187599/NhjGjA1hB
https://weibo.com/1623721534/Nhj2kpp8N
https://weibo.com/1883437194/NhnPelzYZ
https://weibo.com/1402519174/Nhow1ySpj
https://video.weibo.com/show?fid=1034:4941291767660632
https://video.weibo.com/show?fid=1034:4941273950257242
https://video.weibo.com/show?fid=1034:4941272788435018"
"2023-09-04","日出","卷云","橘红色,橘色,橘黄色","小到中烧","-","https://weibo.com/1415104792/NhFGy85Xy"
"2023-09-04","日落","高积云,浓积云","橘黄色,橘色","小到中烧","絮状高积云,幡状高积云,落幡云洞","https://weibo.com/5022072274/NhL8xs6YD
https://weibo.com/2951798900/NhLyc9ANk
https://weibo.com/5252166634/NhM7VbcIE"
"2023-09-05","日出","高积云","橘红色,橘色","小到中烧","-","-"
"2023-09-05","日落","高积云,卷云,卷层云","橘黄色,橘色","中到大烧","密卷云,乳状卷云,彩虹,降水线云","https://weibo.com/5972339664/NhUHpuW6N
https://weibo.com/1770475104/NhVP03gjx
https://weibo.com/6716642729/NhViv1clK
https://video.weibo.com/show?fid=1034:4942736936337423"
"2023-09-09","日出","卷云","橘红色,橘色,橘黄色","小到中烧","-","-"
"2023-09-15","日出","层积云","橘色,橘黄色","小到中烧","幡状层积云","https://weibo.com/6115722047/NjrBwCPRU"
"2023-09-16","日落","高积云,卷云","橘黄色,橘色","小到中烧","乳状卷云","https://weibo.com/6716642729/NjB8161Sj"
"2023-09-18","日落","高积云","橘黄色,橘色","微烧","-","-"
"2023-09-19","日出","卷云","橘色","小烧","-","-"
"2023-09-19","日落","卷层云,高积云","橘色,橘红色","中到大烧","-","https://weibo.com/7398429457/Nk25gpYCg
https://weibo.com/1904104195/Nk27C2nC4
https://video.weibo.com/show?fid=1034:4947807166201907"
"2023-09-20","日出","卷层云,卷云","橘红色,橘色","大烧","密卷云","https://weibo.com/1911311020/NkrHIznte
https://weibo.com/1041461672/Nk9zMA55y
https://weibo.com/5759262544/NkabHduIb
https://weibo.com/6441777827/Nk7R5AlaU
https://weibo.com/1757792085/Nk7iFf2iB"
"2023-10-01","日出","高积云","橘红色,橘色","中到大烧","-","https://weibo.com/7838180821/NlOAq31GR"
"2023-10-02","日出","高积云","橘红色,橘色","小到中烧","-","https://video.weibo.com/show?fid=1034:4952334678032437"
"2023-10-03","日出","高积云","橘红色,橘色","中到大烧","-","https://weibo.com/1712194175/Nm9XjwYDd
https://weibo.com/1808370032/Nm8Ui5Ysy
https://weibo.com/6441777827/Nm6J6xnLc
https://weibo.com/1883437194/Nm6y3tICu"
"2023-10-05","日落","高积云","橘色","小烧","-","-"
"2023-10-08","日落","高积云,卷云","橘色","小到中烧","幡状高积云,落幡云洞,高积云性密卷云","https://weibo.com/6004516853/NmV4ICMeZ
https://weibo.com/5677499658/NmV8qh0ZB"
"2023-10-09","日出","高积云","橘红色,橘色","小烧","-","-"
"2023-10-09","日落","高积云","橘色","小到中烧","-","-"
"2023-10-10","日出","高积云","橘红色,橘色","大烧","幡状高积云,波状高积云","https://weibo.com/2929915142/Nna0b6J3s
https://weibo.com/1842458205/Nn9FG5pC1
https://weibo.com/1525790453/Nn9CGlaJ8
https://weibo.com/6441777827/NncXl6Ic9
https://weibo.com/5878164542/Nn9rs667O
https://weibo.com/5615223329/Nnasu3uyZ"
"2023-10-14","日出","高积云,卷云","橘红色,橘色","小烧","-","-"
"2023-10-22","日出","高积云","橘红色,橘色","小到中烧","日柱","https://weibo.com/2816822382/NoZOfm6MZ"
"2023-10-28","日出","高积云,卷云","橘红色","小到中烧","-","https://weibo.com/tv/show/1034:4961766027755588"
"2023-10-28","日落","高积云","橘红色","小到中烧","-","https://weibo.com/7775955469/NpXHyBLLS"
"2023-10-29","日出","高积云","橘红色","中到大烧","-","https://weibo.com/1415104792/Nq2AczMgD"
"2023-10-29","日落","高积云","橘色,橘红色","小烧","日柱","https://weibo.com/1784206143/Nq6QCb4G9"
"2023-11-03","日落","卷云","橘色,橘红色","微烧","-","-"
"2023-11-04","日落","高积云","橘色","小到中烧","-","https://weibo.com/7792139702/Nr2hKy5GU"
"2023-11-05","日落","卷云","橘色","小到中烧","云隙光","https://weibo.com/1712194175/NrbFyBOrg
https://weibo.com/5157956008/NrbyWcO6q"
"2023-11-06","日落","卷云,卷层云","橘色,橘红色","中到大烧","幡状高积云","https://weibo.com/1760816882/NrkkOaGSe"
"2023-11-08","日落","高积云,高层云","橘色,橘红色","小到中烧","-","-"
"2023-11-14","日出","高积云","橘红色","小到中烧","-","https://weibo.com/6441777827/NsusdBjkH"
"2023-11-18","日出","卷云","橘红色,橘色(粉紫色)","小到中烧","-","https://weibo.com/1839008834/Nt8I6C6NI"
"2023-11-22","日落","高积云","橘黄色,橘色,橘红色","中到大烧","幡状高积云","https://weibo.com/1894406710/NtL7o0FfO
https://weibo.com/1883437194/NtLcd2V8Z"
"2023-11-29","日出","高积云,卷云","橘色,橘黄色","中到大烧","-","https://weibo.com/2449206634/NuLnh7PUi
https://video.weibo.com/show?fid=1034:4973529855361101"
"2023-12-03","日落","卷云,高积云","橘色","小烧","-","-"
"2023-12-05","日落","卷云","橘色,橘红色","小到中烧","密卷云","https://weibo.com/1883437194/NvJOB0r1h
https://video.weibo.com/show?fid=1034:4975659286724666"
"2023-12-06","日出","卷积云,卷层云","橘红色,橘色,橘黄色","大烧","乳状卷积云,波状卷积云","https://video.weibo.com/show?fid=1034:4975970231189570
https://video.weibo.com/show?fid=1034:4975857031118852
https://video.weibo.com/show?fid=1034:4975847568769048
https://video.weibo.com/show?fid=1034:4975840291651594
https://video.weibo.com/show?fid=1034:4976669036052527
https://video.weibo.com/show?fid=1034:4976670600527887
https://weibo.com/6716642729/NvU8Dore7
https://weibo.com/2678824285/NvU46uhBb"
"2023-12-08","日落","卷云","橘黄色,橘色,橘红色","小到中烧","钩卷云","https://weibo.com/1632542437/NwdpPxi3l"
"2023-12-14","日落","高积云","橘色,橘红色","微烧","幡状高积云","https://weibo.com/5972339664/Nx6JbDvYu"
"2023-12-22","日落","卷云","橘色,橘红色","小烧","密卷云","https://video.weibo.com/show?fid=1034:4981896426487852"
"2023-12-23","日出","卷层云","橘红色,橘色,橘黄色","中到大烧","-","https://video.weibo.com/show?fid=1034:4982171773894704
https://video.weibo.com/show?fid=1034:4982129755619366
https://video.weibo.com/show?fid=1034:4982018698838026"
"2023-12-26","日落","高积云","橘色","中到大烧","絮状高积云,幡状高积云","https://video.weibo.com/show?fid=1034:4983322657620010
https://video.weibo.com/show?fid=1034:4983311483994132
https://weibo.com/7877296296/NyWO78ZJC
https://weibo.com/2296808212/NyWfT2h0Z
https://weibo.com/5574631763/NyWiksry1"
"2023-12-27","日出","高积云","橘红色","小到中烧","-","https://weibo.com/5214012093/Nz1xfdiRR
https://weibo.com/5036831638/Nz26O3khg
https://video.weibo.com/show?fid=1034:4983600664477698"
"2023-12-30","日出","高积云","橘红色","微烧","幡状高积云,平流雾上方出现的","https://weibo.com/7612166895/NzzsEtZ5R"
"2024-01-01","日落","卷云","橘黄色,橘色","小烧","密卷云","-"
"2024-01-02","日出","卷云","橘色","微烧","-","-"
"2024-01-05","日出","高积云","橘红色","小烧","幡状高积云,复高积云,日柱","https://weibo.com/6441777827/NApmD4og7"
"2024-01-08","日出","卷层云,高积云","橘红色,红色","小到中烧","-","https://weibo.com/7084142667/NAQshr0mk"
"2024-02-17","日出","高积云","橘红色","微烧","-","-"
"2024-02-27","日落","卷云","橘黄色,橘红色","微烧","-","-"
"2024-03-01","日出","层积云","橘色,橘红色","小到中烧","-","-"
"2024-03-03","日落","卷云","橘色","小烧","-","-"
"2024-03-10","日落","卷云","橘黄色,橘色","小到中烧","辐辏状卷云,密卷云","https://weibo.com/1770475104/O4nLIqCn5
https://weibo.com/5214012093/O4nH9EtaV"
"2024-03-11","日落","卷云","橘黄色,橘色","小烧","-","-"
"2024-03-13","日出","卷云,卷层云","橘色,橘黄色","小到中烧","航迹云","https://weibo.com/1632542437/O4MWRwwgl
https://weibo.com/3748077375/O4Mup9Hq5
https://video.weibo.com/show?fid=1034:5011416961187902"
"2024-03-21","日落","卷云,高积云","橘黄色,橘色","小烧","-","-"
"2024-03-22","日落","卷云","橘黄色,橘色","小烧","航迹云","https://weibo.com/1691658367/O6cYyCWtM
https://weibo.com/6124268245/O6d3y8CMh"
"2024-03-23","日落","卷云,卷层云,高积云","橘黄色,橘色","小烧","堡状高积云,幡状高积云,乳状卷层云,彩虹","-"
"2024-03-24","日出","高积云","橘色,橘红色","小烧","-","-"
"2024-03-24","日落","卷云","橘红色,橘色","微烧","-","-"
"2024-03-26","日落","卷云,层积云","橘色","微烧","-","-"
"2024-03-27","日出","卷层云","橘色,橘黄色","微烧","平流雾","-"
"2024-04-08","日落","高积云","橘色,橘黄色","小烧","-","https://weibo.com/tv/show/1034:5021005458899071"
"2024-04-09","日出","卷云","橘色,橘黄色","小烧","-","-"
"2024-04-19","日出","卷云","红色,橘红色","小到中烧","密卷云","https://weibo.com/tv/show/1034:5024779183521838
https://weibo.com/tv/show/1034:5024754126749713"
"2024-04-24","日落","卷云,高积云,高层云","橘色","小到中烧","幡状高积云,复高积云,乳状高层云","-"
"2024-04-25","日出","高积云","红色,橘红色","小到中烧","日柱","-"
"2024-04-30","日出","卷云","橘红色","微烧","密卷云","-"
"2024-05-01","日落","卷层云","橘色","小到中烧","云隙光","-"
"2024-05-02","日落","卷云","橘黄色,橘色,橘红色","小到中烧","密卷云","-"
"2024-05-06","日落","卷云","橘色,橘黄色,橘红色","小烧","-","-"
"2024-05-09","日出","卷云,卷层云","橘红色,橘色,橘黄色","小到中烧","-","https://weibo.com/1525790453/OdqmA2bF9
https://weibo.com/1415104792/Odqd8FVj4"
"2024-05-09","日落","高层云,卷层云","橘红色,红色","中到大烧","密卷云","https://weibo.com/1920200474/Odx1DqARm
https://weibo.com/5214012093/OdwVjA4vx
https://weibo.com/5503816812/OdvPmsAaS
https://weibo.com/7730046934/Odw8EEVfP
https://weibo.com/1770475104/Odwc3bdK6"
"2024-05-12","日落","高积云,卷层云","橘色,橘红色","小到中烧","日柱","https://weibo.com/5482442738/OdZu4a0Lt
https://weibo.com/5538010841/Oe1rjpCSQ
https://weibo.com/1632542437/Oe3mCl45V
https://weibo.com/5662803579/Oe00QfSZt
https://weibo.com/1883437194/OdYG4ySi9
https://weibo.com/2670306073/OdYsKuVGc
https://weibo.com/1839008834/OdYivlo2E
https://weibo.com/1776578957/Oe4ayoknf"
"2024-05-13","日出","卷云","橘色,橘黄色","小烧","-","-"
"2024-05-13","日落","卷云","橘黄色,橘色,橘红色","小烧","密卷云","https://weibo.com/5619878584/Oe7MPucLO
https://weibo.com/tv/show/1034:5033660781363207"
"2024-05-16","日落","卷云","橘黄色,橘色","小烧","-","https://weibo.com/1657119967/OezrkambQ"
"2024-05-19","日落","卷云,卷层云","橘黄色,橘色","小到中烧","-","https://weibo.com/1839008834/Of1RSuhZ9
https://weibo.com/1881846860/Of1Vnupd2
https://weibo.com/tv/show/1034:5035818826268727"
"2024-05-20","日出","卷层云","橘红色","基本不烧","平流雾","-"
"2024-05-20","日落","卷云","橘黄色","小烧","-","-"
"2024-05-22","日落","卷层云","橘色,橘红色","小到中烧","-","-"
"2024-05-23","日落","卷层云,卷云","橘黄色,橘色","小到中烧","-","https://weibo.com/1910665932/OfEkR9J86
https://weibo.com/1741505811/OfEgXwlHU
https://weibo.com/5214012093/OfDZvgYRd
https://weibo.com/5670340220/OfDzyjI8C
https://weibo.com/tv/show/1034:5037349923651626"
"2024-05-27","日落","高积云,高层云,卷层云","橘黄色,橘色,橘红色","中到大烧","幡状高层云,幡状高积云,降水线高层云,彩虹,红虹","https://weibo.com/1376016462/OggbehAxj
https://weibo.com/7437925927/OgfY9rHyU
https://weibo.com/5036831638/OgfTc5Qz3
https://weibo.com/1770475104/OgfD27fmY
https://weibo.com/1712194175/OgfkXrSfW
https://weibo.com/5171995572/OgfgqhbIu
https://weibo.com/tv/show/1034:5038769326456884
https://weibo.com/tv/show/1034:5038723805675573
https://weibo.com/tv/show/1034:5038755615014933
https://weibo.com/tv/show/1034:5038750158225497"
"2024-05-29","日出","卷云,卷层云","红色,橘红色,橘色","大烧","密卷云","https://weibo.com/5346883610/OgsHEfq9t
https://weibo.com/1969056195/Ogtst3Hfa
https://weibo.com/5157956008/OgsAa4Do7
https://weibo.com/tv/show/1034:5039257056641048
https://weibo.com/tv/show/1034:5039283166183434"
"2024-05-31","日落","高层云","橘红色","小烧","降水线高层云","-"
"2024-06-01","日出","高积云","橘红色","小烧","-","-"
"2024-06-01","日落","高积云","橘黄色,橘色","大烧","-","https://weibo.com/tv/show/1034:5040628849901600
https://weibo.com/tv/show/1034:5040952826331155
https://weibo.com/tv/show/1034:5040565289681067
https://weibo.com/tv/show/1034:5040546192752653
https://weibo.com/tv/show/1034:5040550366085131
https://weibo.com/tv/show/1034:5040538790068276
https://weibo.com/tv/show/1034:5040533794390048"
"2024-06-02","日出","高积云","橘红色","小烧","-","-"
"2024-06-03","日落","卷云","橘黄色","微烧","-","-"
"2024-06-04","日出","卷云,卷层云","橘红色","中到大烧","密卷云","-"
"2024-06-06","日落","卷云,层积云","橘色,橘红色","小到中烧","乳状卷云","https://weibo.com/6132440044/OhMHaE7hC
https://weibo.com/6218749240/OhMdG6KYB
https://weibo.com/1770475104/OhLNFk1qD"
"2024-06-07","日出","层积云","橘红色,橘色","小烧","-","-"
"2024-06-07","日落","卷云,高积云","橘色,橘红色","小到中烧","-","https://weibo.com/1427936975/OhVDZaJRT"
"2024-06-14","日落","卷云,高积云","橘色","小到中烧","乳状卷云","-"
"2024-06-16","日出","卷云","橘红色,橘黄色","小到中烧","密卷云","https://weibo.com/2441818525/OjeX11tc9"
"2024-06-21","日出","卷云,高积云","橘红色,橘色,橘黄色","小到中烧","-","-"
"2024-06-23","日落","高积云,高层云,卷云,层积云","橘色,橘红色","中到大烧","彩虹,红虹,宝光,幡状高积云,幡状高层云","http://t.cn/A6QMqHar
http://t.cn/A6QMqa9U
http://t.cn/A6QMSlSV
http://t.cn/A6QMTSfz
https://weibo.com/1632542437/OkwIiFfti
https://weibo.com/1619922603/OklOi0t4P
https://weibo.com/5972339664/Okm065jUq
https://weibo.com/2418443485/Okmixixjt
https://weibo.com/6050093884/OklRVCSRt"
"2024-06-25","日落","层积云,高层云","红色","小到中烧","-","-"
"2024-06-28","日出","高层云","橘红色,橘色","大烧","低空雾","https://weibo.com/1336320754/Ol1mPxhUR
https://weibo.com/5157956008/Ol1KF02BV"
"2024-06-30","日落","高积云,高层云","橘色,橘红色","中到大烧","彩虹,红虹,降水线高层云,幡状高层云,幡状高积云","https://weibo.com/6718242396/OlqQe2u3B
https://weibo.com/5619878584/Olqkb0kKA
http://t.cn/A6QpE0OZ
http://t.cn/A6QWuWX5"
"2024-07-02","日出","高积云,卷层云,卷云","橘色,橘黄色","中到大烧","-","http://t.cn/A6QW3BvR"
"2024-07-02","日落","高积云,卷层云,浓积云","橘色,红色","中到大烧","絮状层积云,幡状层积云,降水线层积云,红虹","https://weibo.com/7393896413/OlIFP466z
https://weibo.com/3728531991/OlIMJfdbZ
https://weibo.com/2061978953/OlIM33jiS
https://weibo.com/1760919122/OlIL81wei
https://weibo.com/2659311441/OlIJREGG1
http://t.cn/A6QlEd7z"
"2024-07-03","日出","卷层云,层积云","橘红色,橘色,橘黄色","小到中烧","堡状层积云,絮状层积云","https://weibo.com/5157956008/OlMRdcdSL
https://weibo.com/1729974002/OlMzQpJP1
http://t.cn/A6QjhP6t"
"2024-07-03","日落","卷层云,积雨云","橘黄色,橘色,橘红色","小到中烧","曙暮光条","https://weibo.com/5665944728/OlSf411GD
https://weibo.com/1426186827/OlSlWxlS3"
"2024-07-04","日出","卷云","橘红色,橘色,橘黄色","小到中烧","-","-"
"2024-07-04","日落","卷云,高积云,浓积云","橘红色,橘色","小烧","-","https://weibo.com/7918930395/Om29nCHYV"
"2024-07-06","日出","卷层云,卷云","红色,橘红色,橘色","大烧","密卷云","https://weibo.com/7556245649/OmeKts8T7
https://weibo.com/5694776530/OmeQ452CL
https://weibo.com/6252613616/OmeTTwJ8L
https://weibo.com/1729974002/Omf0lvRfl
https://www.720yun.com/vr/9a7jz7uwvv2
http://t.cn/A6Q8GJ1B"
"2024-07-06","日落","卷云,卷层云,高积云","橘黄色,橘色,橘红色","小到中烧","密卷云","https://weibo.com/1881846860/Omkxn6MtW
https://weibo.com/3867852578/OmkxGu7u8"
"2024-07-07","日出","高积云","红色,橘红色","小烧","日柱","https://weibo.com/5214012093/OmrdLw32j
https://weibo.com/1780075421/OmrdRBFpS"
"2024-07-07","日落","卷云,高积云","橘色,橘红色","中到大烧","乳状卷云","https://weibo.com/1631805282/OmtRUpIXG
https://weibo.com/5677499658/OmtS9DOJ3
https://weibo.com/1760362243/OmtUjnEwS
https://weibo.com/6050093884/OmtSOpuyL"
"2024-07-08","日出","卷云,高积云","红色,橘红色,橘色","小到中烧","航迹云","-"
"2024-07-09","日出","卷层云","橘色","小到中烧","-","https://weibo.com/1729974002/OmH6UciFK"
"2024-07-09","日落","高积云,卷云","橘黄色,橘红色","微烧","云隙光,曙暮光条,密卷云,堡状卷云,堡状高积云,乳状高积云,乳状密卷云,幡状高积云","https://weibo.com/5362729106/OmNKBmMGn
https://weibo.com/1632542437/OmNOkp2uM"
"2024-07-10","日出","卷层云,高积云","橘色,橘黄色","小到中烧","-","-"
"2024-07-12","日落","高层云,高积云","橘黄色,橘色","中到大烧","-","-"
"2024-07-13","日落","高层云,高积云","橘红色","小烧","云隙光","-"
"2024-07-14","日落","高层云,高积云","橘色","小烧","-","https://weibo.com/1336320754/OnxQyEUDj"
"2024-07-16","日出","卷云,高积云","橘色","小到中烧","-","https://weibo.com/7766567379/OnLoGwDn8"
"2024-07-17","日出","卷云,卷层云","橘色,橘红色,红色","中到大烧","密卷云","https://weibo.com/1874583372/OnVSEzaqo
https://weibo.com/1860159045/OnWkmyCvv
https://weibo.com/5157956008/OnUYwyzyi
https://weibo.com/1874583372/OnVSEzaqo"
"2024-07-18","日落","云砧,浓积云","橘色,橘红色","小到中烧","-","https://weibo.com/7766567379/Oo9AV5wuz"
"2024-07-20","日出","卷云,卷层云,高积云","橘红色,橘色,橘黄色","中到大烧","幡状高积云","https://weibo.com/3764291665/Oon56yEtE
https://weibo.com/7818137265/OonfmDDiy
https://weibo.com/7488536656/OomQ64BHo
https://weibo.com/5401485841/OoxCLhL3u
http://t.cn/A68wDkrM"
"2024-07-20","日落","卷云","橘红色","小烧","-","-"
"2024-07-21","日出","高积云","红色,橘红色,橘色","中到大烧","幡状高积云","http://t.cn/A68q2P0H
http://t.cn/A682n5Lu
http://t.cn/A682mkht
http://t.cn/A6823pPY
http://t.cn/A682Bamz
http://t.cn/A682r8Ix
https://weibo.com/tv/show/1034:5058502717014029
http://t.cn/A68LSFhr"
"2024-07-22","日落","卷云,卷层云","橘黄色,橘色","小到中烧","-","-"
"2024-07-23","日出","高积云,卷层云","红色,橘红色","小到中烧","-","http://t.cn/A68GZkGH"
"2024-07-23","日落","积雨云,卷层云,高积云","橘黄色,橘色,红色","中到大烧","云隙光,锥晶幻日","https://weibo.com/5972339664/OoVeI6MSs
https://weibo.com/3607871832/OoVGezG3P
https://weibo.com/1415104792/OoULT9I25
http://t.cn/A68qaowZ"
"2024-07-24","日出","卷云,高积云","红色,橘红色,橘色,橘黄色","小到中烧","幡状高积云","https://weibo.com/2348992072/OoW5Zf6rJ"
"2024-07-24","日落","浓积云,卷云","橘黄色,橘色,橘红色","小到中烧","-","-"
"2024-07-25","日落","浓积云,云砧,卷层云","橘黄色,橘色","小烧","云隙光","-"
"2024-07-27","日出","高积云,高层云","橘色,橘黄色","中到大烧","彩虹,幡状高积云,幡状高层云","https://weibo.com/7766567379/OpqSkcuwu
https://weibo.com/1623721534/Opr3xBD7a
http://t.cn/A68MzrJu
https://weibo.com/1803141353/OpseSvOV2"
"2024-07-30","日出","卷云","橘红色,橘色,橘黄色","小烧","-","-"
"2024-08-02","日落","卷云","橘黄色,橘色","小烧","-","-"
"2024-08-03","日落","卷云,卷层云,高积云","橘黄色,橘色,橘红色","中到大烧","-","https://weibo.com/1910665932/OqAGf3rVw
https://weibo.com/1427936975/OqAzzvS3T
https://weibo.com/1760919122/OqAnqkuNW"
"2024-08-04","日落","云砧","橘黄色,橘色,橘红色","大烧","乳状高层云","-"
"2024-08-05","日落","云砧","橘黄色,橘色,橘红色","中到大烧","-","-"
"2024-08-06","日出","卷云,高积云","橘黄色,橘色","小到中烧","-","-"
"2024-08-08","日出","高积云","橘色,橘黄色","小烧","-","-"
"2024-08-10","日出","卷云","橘色,橘黄色","中到大烧","-","-"
"2024-08-10","日落","卷云,积雨云,云砧","橘黄色,橘红色","小到中烧","云隙光","-"
"2024-08-12","日落","卷云","橘黄色","微烧","-","-"
"2024-08-14","日出","卷云","橘黄色,橘色","中到大烧","-","-"
"2024-08-16","日落","云砧","橘黄色,橘色","小到中烧","乳状云","-"
"2024-08-17","日落","云砧","橘色,橘红色","中到大烧","-","-"
"2024-08-19","日出","卷云","橘黄色,橘色,橘红色","小到中烧","-","-"
"2024-08-21","日出","卷云,高积云","橘黄色,橘色,橘红色","小到中烧","-","-"
"2024-08-21","日落","高积云,高层云,云砧,积雨云","橘黄色,橘色,橘红色","小到中烧","降水线高层云,彩虹,闪电","-"
"2024-08-22","日出","高积云","橘黄色,橘色","小到中烧","-","-"
"2024-08-22","日落","卷云,高积云","橘黄色,橘色,橘红色","小到中烧","-","-"
"2024-08-26","日落","卷云,卷层云","橘色,橘红色","小到中烧","-","-"
"2024-08-27","日出","卷层云","橘黄色,橘色,橘红色","中到大烧","-","-"
"2024-08-28","日落","积雨云,浓积云","橘黄色,橘色","小到中烧","彩虹,云隙光","-"
"2024-09-06","日落","卷云","橘黄色,橘色,橘红色","小烧","-","-"
"2024-09-09","日落","浓积云,卷云","橘黄色,橘色,橘红色","小烧","彩虹","-"
"2024-09-12","日落","卷层云,高积云","橘黄色,橘色,橘红色","中到大烧","云隙光","-"
"2024-09-14","日落","卷云,浓积云","橘黄色,橘色,橘红色","小到中烧","密卷云,乳状卷云,云隙光","https://weibo.com/1896388672/OwXYE4ux0
https://weibo.com/2021684057/OwY148Psh
https://weibo.com/1839008834/OwYaf3K2t
https://weibo.com/7479962268/OwYhtid39
https://weibo.com/1246343587/OwYxr7Mw8"
"2024-09-15","日落","卷层云","橘黄色,橘色,橘红色","小到中烧","-","https://weibo.com/1958044850/Ox7HmqoI0
https://weibo.com/7849281840/Ox7zHaNEy"
"2024-09-17","日出","卷云,高积云,浓积云","橘红色,橘色,橘黄色","中到大烧","红虹,降水线高积云,幡状高积云","https://weibo.com/1632542437/OxmiBsLZ0"
"2024-09-17","日落","高积云,卷云","橘黄色,橘色,橘红色","小到中烧","幡状高积云,堡状高积云","-"
"2024-09-22","日落","卷层云,层积云","橘黄色,橘色,橘红色","中到大烧","乳状卷层云,辐辏状卷层云","https://weibo.com/1969770937/OybmZ4ua5
https://weibo.com/2418443485/OyboTxNMJ
https://weibo.com/1780075421/Oybpvetl1
https://weibo.com/6218749240/OybqpkOdI
https://weibo.com/7232566447/OybxrFCpP"
"2024-09-26","日出","卷云,高积云","橘红色,橘色","中到大烧","-","https://weibo.com/6252493769/OyJh4BHPf
https://weibo.com/5157956008/OyOgvtgRJ
https://weibo.com/5157956008/OyOgvtgRJ"
"2024-10-01","日出","高层云","橘色,橘黄色","小到中烧","-","https://weibo.com/6252493769/OzzgzwL2L"
"2024-10-02","日落","卷云,高积云","橘黄色,橘色,橘红色,红色","中到大烧","-","https://weibo.com/5136323295/OzHwukTpx"
"2024-10-09","日出","高积云","橘红色,橘色","中到大烧","幡状高积云","https://weibo.com/1776068247/OAIzLwsoA
https://weibo.com/7612166895/OAJRN93tw"
"2024-10-10","日出","卷云","橘色","微烧","-","-"
"2024-10-12","日落","高积云","橘红色,红色","小到中烧","-","https://weibo.com/1632542437/OBdGxvOIa
https://weibo.com/5704892888/OBfrSyM1l"
"2024-10-13","日出","高积云,层积云","橘红色,橘色","小到中烧","-","https://weibo.com/2441818525/OBjfi71dU"
"2024-10-16","日出","高层云","橘红色","小烧","-","-"
"2024-10-18","日出","高积云","橘色,橘黄色","小到中烧","幡状高积云,云海","-"
"2024-10-20","日出","高积云,高层云","橘红色,橘色","中到大烧","幡状高积云,幡状高层云,红虹","-"
"2024-10-29","日出","高积云","橘色,橘黄色","中到大烧","-","https://weibo.com/7398429457/ODOySdZ1H
https://weibo.com/5522596549/ODJrcwqoe
https://weibo.com/2008384291/ODK2QzGUN"
"2024-10-30","日落","高积云","橘黄色,橘色,橘红色","中到大烧","幡状高积云","https://weibo.com/1623721534/ODXefplaP
https://weibo.com/7535266243/ODXhAEhiv
https://weibo.com/7479962268/ODXBzh3sl"
"2024-11-04","日落","卷云,高积云","橘黄色,橘色","小到中烧","乳状卷云,幡状高积云","-"
"2024-11-07","日落","卷云","橘黄色,橘色","微烧","-","-"
"2024-11-09","日出","高积云","橘色,橘黄色","小到中烧","幡状高积云","-"
"2024-11-10","日落","高积云","橘黄色,橘色","小烧","-","-"
"2024-11-14","日出","高积云","橘色","小烧","-","-"
"2024-11-18","日出","高积云","橘红色","小到中烧","-","https://weibo.com/1776068247/P0P3mup48"
"2025-01-04","日出","高积云","橘色","微烧","-","https://weibo.com/2816822382/P7YYDmbPD"
"2025-01-14","日出","高积云","红色,橘红色","小烧","幡状高积云","-"
"2025-01-22","日落","卷云","橘黄色","微烧","密卷云","-"
"2025-01-30","日落","卷云","橘黄色,橘色","小到中烧","-","-"
"2025-02-05","日落","卷云","橘黄色,橘色,橘红色","小到中烧","-","-"
"2025-03-02","日落","卷云","橘黄色,橘色","小烧","-","-"
"2025-04-16","日出","卷云,卷层云","橘色,橘黄色","小烧","-","https://weibo.com/1776068247/PnvhRC9zV"
"2025-04-16","日落","卷层云","橘色","小烧","-","-"
"2025-04-20","日落","卷云,卷层云","橘色","小烧","-","-"
"2025-04-23","日落","卷云,卷层云","橘色,橘红色","小烧","-","-"
"2025-04-27","日出","高积云","红色,橘红色","中到大烧","-","https://www.xiaohongshu.com/explore/680dc0e4000000000b01c5a1?app_platform=android&ignoreEngage=true&app_version=8.80.0&share_from_user_hidden=true&xsec_source=app_share&type=normal&xsec_token=CBgWl-k-nEcSQmGuVvOJ9dtJk-2D1nbdZsotsCOS9SU3E=&author_share=1&xhsshare=WeixinSession&shareRedId=N0w4QUdHO0o2NzUyOTgwNjY0OTc8N0o-&apptime=1745732263&share_id=3f98be4929354ba9b9d6bbfe215d89ef&share_channel=wechat"
"2025-04-28","日出","卷云","橘色","小烧","-","-"
"2025-04-30","日落","高层云","橘红色,红色","小到中烧","-","https://weibo.com/7612166895/PpGn5EMnq"
"2025-05-03","日落","卷层云","橘色","微烧","-","-"
"2025-05-04","日落","卷层云","橘黄色,橘色","小到中烧","-","-"
"2025-05-09","日落","卷云","橘黄色,橘色,橘红色","小到中烧","-","https://weibo.com/1079610644/Pr3dLbcKy
https://weibo.com/1632542437/Pr4FYsN7N"
"2025-05-13","日出","卷云","橘色,橘黄色","小烧","-","-"
"2025-05-14","日出","卷云","红色,橘红色,橘色","小到中烧","密卷云","-"
"2025-05-19","日落","卷云","橘黄色","小烧","密卷云","-"
"2025-05-20","日出","卷云,卷层云","橘色,橘黄色","小烧","平流雾","https://www.xiaohongshu.com/discovery/item/682bb1f600000000210074c3?app_platform=android&ignoreEngage=true&app_version=8.83.0&share_from_user_hidden=true&xsec_source=app_share&type=video&xsec_token=CB9PqLMnXkCxIpssZiItOGpj_gubGGS7Vsh4wgddgnCQ0%3D&author_share=1&xhsshare=WeixinSession&shareRedId=ODZFODk2OU42NzUyOTgwNjY0OTc2SDo9&apptime=1747710721&share_id=2efae38a23b64fe4b35321644d7c6ddf&share_channel=wechat"
"2025-05-21","日落","卷云","橘黄色,橘色","小到中烧","-","https://weibo.com/1632542437/PsSs8eLY5
https://weibo.com/1776068247/PsSGVFpZD
https://weibo.com/2441818525/PsSNisa4M"
"2025-05-24","日落","卷云","橘黄色,橘色","小烧","-","https://weibo.com/1910665932/PtlFClC2l"
"2025-05-25","日出","卷云","橘红色","小烧","-","https://weibo.com/7899847268/PtpII1J2k
https://weibo.com/1415104792/Pts1fA2ta"
"2025-05-25","日落","卷云,卷层云","橘黄色,橘色","中到大烧","密卷云,乳状卷云","https://weibo.com/6445859669/Ptu1wdzfw
https://weibo.com/1079610644/Ptuu56FfZ
http://t.cn/A6gnojAi
http://t.cn/A6guhsgV
https://weibo.com/1910665932/Ptv7Wd3Pm
https://weibo.com/1632542437/PtCRyxyp6"
"2025-05-27","日出","卷云","橘红色,橘色","小到中烧","密卷云","-"
"2025-05-28","日落","高层云,卷层云","橘黄色,橘色,橘红色","中到大烧","乳状卷层云,乳状高层云","http://t.cn/A6genUu0
http://t.cn/A6gD4kmD
https://weibo.com/1884786160/PtWsvnEfc
https://weibo.com/2021684057/PtWnRDp9d
https://weibo.com/1760816882/PtWpf2oZW
https://weibo.com/5093898271/PtWgRxFek
https://weibo.com/5171995572/PtWiugeDQ
https://weibo.com/2418443485/PtWgEugj3
https://weibo.com/1881846860/PtWaRv6Oo
https://weibo.com/7612166895/PtWeCm2Kd
https://weibo.com/1977642293/PtWCW0s2b
https://weibo.com/3169896264/PtWDou1ss
https://weibo.com/7151180573/PtWGP2bqr
https://weibo.com/1921554124/PtWGQuCeZ
https://weibo.com/2127754731/Pu3UbauZZ"
"2025-06-03","日落","高积云","橘红色,红色","小烧","-","-"
"2025-06-04","日落","高积云","橘红色","小到中烧","-","https://weibo.com/7612166895/Pv0DLpGSk"
"2025-06-05","日落","高积云","橘色,橘红色","小到中烧","-","https://weibo.com/3414842820/Pv9CKaWOW
https://weibo.com/2110612330/Pv9FgsCan
https://weibo.com/1884786160/Pv9R79TU8
http://t.cn/A6etgaTA"
"2025-06-06","日出","高积云","橘色,橘黄色","小到中烧","-","-"
"2025-06-09","日落","高层云,高积云","橘黄色,橘色","基本不烧","降水线高层云,幡状高积云","-"
"2025-06-13","日落","卷云,高积云","橘黄色,橘色,橘红色","小到中烧","密卷云","-"
"2025-06-15","日出","高积云,高层云,卷云","橘红色,橘色,橘黄色","小到中烧","彩虹,降水线高层云,复高积云","https://weibo.com/5214012093/PwAIcg1BY
https://weibo.com/1632542437/PwF1UBxed"
"2025-06-19","日出","卷云,卷层云","红色,橘红色","小烧","密卷云,乳状卷云","-"
"2025-06-20","日出","高层云","红色","小烧","-","-"
"2025-06-25","日出","卷云","红色,橘红色,橘色","中到大烧","密卷云","http://t.cn/A6DGKhAp
https://weibo.com/5214012093/Py6OwbuoY"
"2025-06-26","日出","卷云","橘色","小烧","-","-"
"2025-06-26","日落","卷云,高积云","橘色,橘红色,红色","小到中烧","曙暮光条","-"
"2025-06-27","日出","卷层云","橘色,橘黄色","小到中烧","-","https://www.xiaohongshu.com/explore/685ddf19000000002201f42b?app_platform=android&ignoreEngage=true&app_version=8.87.6&share_from_user_hidden=true&xsec_source=app_share&type=normal&xsec_token=CBze8Zwt3Ml1EXtOrifc23GQ1jpG6fvYdYyiMpchI0rt8=&author_share=1&xhsshare=WeixinSession&shareRedId=N0w4QUdHO0o2NzUyOTgwNjY0OTc8N0o-&apptime=1750982747&share_id=cf3fc28f8d5f4685afd4d63567d0c6c1&share_channel=wechat"
"2025-06-27","日落","高积云,高层云,卷云,云砧","橘色,橘红色,红色","中到大烧","红虹,降水线高层云,幡状高积云,曙暮光条","https://weibo.com/5093898271/Pyvd47jMf
https://weibo.com/3974864604/PyvbSjgKb
https://weibo.com/2021684057/Pyv6ysDcH
https://weibo.com/5171995572/PyvekfB70
https://weibo.com/2110612330/PyvizuhBT
https://weibo.com/5457142637/PyvnjcsFV
https://weibo.com/5214012093/PyvpXtWov
https://weibo.com/6132440044/PywqBF7H8
https://weibo.com/1196209710/Pyw8hgRA4
http://t.cn/A6Di8us4"
"2025-06-28","日落","积雨云,云砧,高积云","橘色,橘红色","小到中烧","曙暮光条","https://weibo.com/1776068247/PyF2vldI4
https://weibo.com/1079610644/PyEAanEZW
https://weibo.com/5619878584/PyFnFloFD"
"2025-06-30","日出","高积云,卷云","红色,橘红色,橘色,橘黄色","中到大烧","幡状高积云","https://weibo.com/1632542437/PySqR6pPd
http://t.cn/A6D9HDKv
https://weibo.com/7437925927/PySJ7cBDE
http://t.cn/A6D9Xu4b
https://weibo.com/5231160030/PyS9teB0R
https://weibo.com/2816822382/PyS6LrssF
https://weibo.com/5214012093/PyS6s5eix
https://weibo.com/3764291665/PyS4Fm4zm
http://t.cn/A6D9iquN
http://t.cn/A6DC9f9j
https://weibo.com/1806916195/PyRZPrG08
https://weibo.com/5862015627/PyRYJbaD1
http://t.cn/A6DR4EKi"
"2025-06-30","日落","云砧","橘色,橘红色","小到中烧","-","https://weibo.com/5991791324/PyXlQe1ah
https://weibo.com/3414842820/PyXmWjwyU
https://weibo.com/1632542437/PyXWJktEN
https://weibo.com/1196209710/PyYcYazt5
https://weibo.com/1427936975/PyYhwonBI
https://weibo.com/5214012093/PyYnrylKV
https://weibo.com/7933280757/PyYrbdkro
https://weibo.com/3974864604/PyXwflVyh"
"2025-07-01","日出","高积云,卷云","红色,橘红色,橘色,橘黄色","小到中烧","航迹云","-"
"2025-07-02","日出","卷云,卷层云","红色,橘红色,橘色","中到大烧","密卷云","https://weibo.com/5214012093/PzcpEoRAg
https://weibo.com/6252493769/PzcAIFzrl
https://weibo.com/1883437194/PzcCprSxe
https://weibo.com/1883437194/Pzd7n6Mi4
https://weibo.com/1678199323/PzdiLqPyR
https://weibo.com/1801524724/PzdtRldTq
https://weibo.com/1757792085/PzbIuAbuS
https://weibo.com/5362729106/PzaHu3gQk
https://weibo.com/2110612330/PzaIczKVz
https://weibo.com/5862015627/PzaIFzsTY
https://weibo.com/6610641827/PzaZOsC6W
https://weibo.com/5735853147/PzbBWmDq9
https://weibo.com/2816822382/PzbJKmtLF
https://weibo.com/7838180821/PzbQhz6qB
http://t.cn/A6DjQrGw
https://weibo.com/7437925927/PzcgDDkTm
https://weibo.com/1632542437/Pzc2D3Fmm
http://t.cn/A6DToQrc
https://weibo.com/1211871433/Pzi6Cxh8N
https://weibo.com/7694757583/Pzncs4FwW
https://weibo.com/2101665625/PzhHNAN4A"
"2025-07-02","日落","卷云,卷层云","橘黄色,橘色,橘红色","小到中烧","密卷云,乳状卷云,航迹云,曙暮光条","https://weibo.com/3414842820/PzgjzrG0y
https://weibo.com/5157169782/Pzgk06OIj
https://weibo.com/5171995572/PzglLsNtk
https://weibo.com/7151180573/Pzgo07quC
https://weibo.com/1619922603/PzgotD2OO
https://weibo.com/5251264967/Pzgqykn90
https://weibo.com/1632542437/PzgN41uah
https://weibo.com/1910665932/Pzokyi92m"
"2025-07-03","日出","高积云","橘红色,橘色,橘黄色","小到中烧","-","-"
"2025-07-04","日出","卷层云","橘红色,橘色,橘黄色","小烧","-","-"
"2025-07-04","日落","卷云,卷层云","橘黄色,橘色,橘红色,红色","中到大烧","-","https://weibo.com/1404621225/PzzdAfPPT
https://weibo.com/3100324687/Pzzd529jz
https://weibo.com/2282982960/Pzzb6elGz
https://weibo.com/5157169782/Pzz9vjl9G
https://weibo.com/2282982960/Pzzkf9yzc
https://weibo.com/3414842820/PzzgKnJJX
https://weibo.com/5171995572/PzzheDNzL
https://weibo.com/3967381586/Pzzi7hIaM
https://weibo.com/1211871433/PzziHghij
https://weibo.com/2685690922/PzzkJqIFR
https://weibo.com/2241380590/PzzkQCMxq
https://weibo.com/7151180573/PzzrDj7cd
https://weibo.com/1711718294/PzzLs1Wej
https://weibo.com/2418443485/PzzRct4Jp
https://weibo.com/2106081653/PzzRACoYO
http://t.cn/A6DukR4B
https://weibo.com/1632542437/PzAhpAXw9
https://weibo.com/7437925927/PzA3dBjVp
https://weibo.com/7933280757/PzAaBmGQI"
"2025-07-05","日出","卷云","橘色,橘黄色","小到中烧","-","https://www.sunsetbot.top/static/media/static_image/front/2025_milexingqiu_0705_rise_compressed.jpg"
